Generation,Number of species,Number of non-zero species,Time,Accepted
1,162,156,3353.1749660249416,Yes
2,163,156,3892.2749660244513,No
3,166,140,3952.074966024397,No
